{
    "results": [],
    "metrics": {
        "accuracy": 0.1,
        "precision": 0.42000000000000004,
        "recall": 0.1,
        "f1_score": 0.10909090909090909,
        "error_from_llm": 0
    }
}