{
  "metrics": {
    "accuracy": 0.6,
    "precision": 0.6000000000000001,
    "recall": 0.6,
    "f1_score": 0.5863636363636363
  }
}