{
    "results": [],
    "metrics": {
        "accuracy": 0.2222222222222222,
        "precision": 0.5555555555555556,
        "recall": 0.2222222222222222,
        "f1_score": 0.2222222222222222,
        "error_from_llm": 1
    },
    "token_usage": {
        "total_prompt_tokens": 4479,
        "total_completion_tokens": 5058
    },
    "performance": {
        "execution_time_seconds": 13.705013990402222,
        "current_memory_usage_MB": 12.125921,
        "peak_memory_usage_MB": 21.346121
    }
}